action,answerability,category,confidence,config,difficulty,exec_error,exec_ok,expected_decision,failure_category,latency_ms,n_rows,oracle_source,question_id,semantic_match,sig_context_consistency,sig_data_completeness,sig_evidence_strength,sig_intent_coverage,sig_kpi_match,sig_plan_fidelity,sig_result_consistency,sig_schema_match,sig_sql_validity,sql,sql_ok
ANSWER,answerable,aggregation,0.979,Full,simple,,True,ANSWER,NONE,688,1,gold_sql,A01,True,1.0,1.0,0.7,1.0,1.0,1.0,1.0,1.0,1.0,SELECT SUM(revenue) AS total_revenue FROM orders,True
ANSWER,answerable,counting,0.979,Full,simple,,True,ANSWER,NONE,3,1,gold_sql,A02,True,1.0,1.0,0.7,1.0,1.0,1.0,1.0,1.0,1.0,SELECT COUNT(*) AS order_count FROM orders,True
ANSWER,answerable,aggregation,0.979,Full,simple,,True,ANSWER,NONE,3,1,gold_sql,A03,True,1.0,1.0,0.7,1.0,1.0,1.0,1.0,1.0,1.0,SELECT SUM(quantity) AS units_sold FROM orders,True
ANSWER,answerable,aggregation,0.979,Full,simple,,True,ANSWER,NONE,3,1,gold_sql,A04,True,1.0,1.0,0.7,1.0,1.0,1.0,1.0,1.0,1.0,SELECT SUM(revenue)*1.0/COUNT(*) AS avg_order_value FROM orders,True
ANSWER,answerable,aggregation,0.979,Full,simple,,True,ANSWER,NONE,3,1,gold_sql,A05,True,1.0,1.0,0.7,1.0,1.0,1.0,1.0,1.0,1.0,SELECT SUM(revenue-cost)*1.0/SUM(revenue) AS gross_margin FROM orders,True
ANSWER,answerable,aggregation,0.979,Full,simple,,True,ANSWER,NONE,3,1,gold_sql,A06,True,1.0,1.0,0.7,1.0,1.0,1.0,1.0,1.0,1.0,SELECT SUM(discount)*1.0/(SUM(revenue)+SUM(discount)) AS discount_rate FROM orders,True
ANSWER,answerable,breakdown,1.0,Full,moderate,,True,ANSWER,NONE,4,4,gold_sql,A07,True,1.0,1.0,1.0,1.0,1.0,1.0,1.0,1.0,1.0,"SELECT regions.region_name AS region, SUM(revenue) AS total_revenue FROM orders JOIN regions ON regions.region_id = orders.region_id GROUP BY regions.region_name ORDER BY total_revenue DESC",True
ANSWER,answerable,breakdown,1.0,Full,moderate,,True,ANSWER,NONE,3,4,gold_sql,A08,True,1.0,1.0,1.0,1.0,1.0,1.0,1.0,1.0,1.0,"SELECT products.category AS category, SUM(revenue) AS total_revenue FROM orders JOIN products ON products.product_id = orders.product_id GROUP BY products.category ORDER BY total_revenue DESC",True
ANSWER,answerable,breakdown,1.0,Full,moderate,,True,ANSWER,NONE,3,9,gold_sql,A09,True,1.0,1.0,1.0,1.0,1.0,1.0,1.0,1.0,1.0,"SELECT substr(order_date,1,7) AS month, SUM(revenue) AS total_revenue FROM orders GROUP BY substr(order_date,1,7) ORDER BY month",True
ANSWER,answerable,breakdown,1.0,Full,moderate,,True,ANSWER,NONE,4,4,gold_sql,A10,True,1.0,1.0,1.0,1.0,1.0,1.0,1.0,1.0,1.0,"SELECT products.category AS category, SUM(revenue-cost)*1.0/SUM(revenue) AS gross_margin FROM orders JOIN products ON products.product_id = orders.product_id GROUP BY products.category ORDER BY gross_margin DESC",True
ANSWER,answerable,ranking,1.0,Full,moderate,,True,ANSWER,NONE,4,5,gold_sql,A11,True,1.0,1.0,1.0,1.0,1.0,1.0,1.0,1.0,1.0,"SELECT products.product_name AS product, SUM(revenue) AS total_revenue FROM orders JOIN products ON products.product_id = orders.product_id GROUP BY products.product_name ORDER BY total_revenue DESC LIMIT 5",True
ANSWER,answerable,aggregation,0.979,Full,moderate,,True,ANSWER,NONE,3,1,gold_sql,A12,True,1.0,1.0,0.7,1.0,1.0,1.0,1.0,1.0,1.0,SELECT SUM(revenue)*1.0/COUNT(*) AS avg_order_value FROM orders WHERE order_date >= '2026-08-01' AND order_date < '2026-09-01',True
ANSWER,answerable,aggregation,0.979,Full,simple,,True,ANSWER,NONE,3,1,gold_sql,A13,True,1.0,1.0,0.7,1.0,1.0,1.0,1.0,1.0,1.0,SELECT SUM(revenue) AS total_revenue FROM orders WHERE order_date >= '2026-07-01' AND order_date < '2026-08-01',True
ANSWER,answerable,breakdown,0.993,Full,moderate,,True,ANSWER,NONE,3,3,gold_sql,A14,True,1.0,1.0,0.9,1.0,1.0,1.0,1.0,1.0,1.0,"SELECT customers.segment AS segment, SUM(revenue) AS total_revenue FROM orders JOIN customers ON customers.customer_id = orders.customer_id GROUP BY customers.segment ORDER BY total_revenue DESC",True
ANSWER,answerable,breakdown,1.0,Full,moderate,,True,ANSWER,NONE,3,4,gold_sql,A15,True,1.0,1.0,1.0,1.0,1.0,1.0,1.0,1.0,1.0,"SELECT products.category AS category, SUM(quantity) AS units_sold FROM orders JOIN products ON products.product_id = orders.product_id GROUP BY products.category ORDER BY units_sold DESC",True
CLARIFY,ambiguous,ambiguous,0.043,Full,moderate,,True,CLARIFY,AMBIGUITY,6,0,unanswerable,B01,True,0.1,0.0,0.0,0.0,0.0,0.0,0.3,0.0,0.0,,False
CLARIFY,ambiguous,ambiguous,0.043,Full,simple,,True,CLARIFY,AMBIGUITY,5,0,unanswerable,B02,True,0.1,0.0,0.0,0.0,0.0,0.0,0.3,0.0,0.0,,False
CLARIFY,ambiguous,ambiguous,0.043,Full,simple,,True,CLARIFY,AMBIGUITY,5,0,unanswerable,B03,True,0.1,0.0,0.0,0.0,0.0,0.0,0.3,0.0,0.0,,False
CLARIFY,ambiguous,ambiguous,0.043,Full,simple,,True,CLARIFY,AMBIGUITY,5,0,unanswerable,B04,True,0.1,0.0,0.0,0.0,0.0,0.0,0.3,0.0,0.0,,False
CLARIFY,out_of_scope,out_of_scope,0.043,Full,simple,,True,CLARIFY,UNSUPPORTED_DATA,5,0,unanswerable,C01,True,0.1,0.0,0.0,0.0,0.0,0.0,0.3,0.0,0.0,,False
CLARIFY,out_of_scope,out_of_scope,0.043,Full,simple,,True,CLARIFY,UNSUPPORTED_DATA,4,0,unanswerable,C02,True,0.1,0.0,0.0,0.0,0.0,0.0,0.3,0.0,0.0,,False
CLARIFY,out_of_scope,out_of_scope,0.043,Full,moderate,,True,CLARIFY,UNSUPPORTED_DATA,5,0,unanswerable,C03,True,0.1,0.0,0.0,0.0,0.0,0.0,0.3,0.0,0.0,,False
CLARIFY,out_of_scope,out_of_scope,0.043,Full,moderate,,True,CLARIFY,UNSUPPORTED_DATA,4,0,unanswerable,C04,True,0.1,0.0,0.0,0.0,0.0,0.0,0.3,0.0,0.0,,False
CLARIFY,out_of_scope,out_of_scope,0.043,Full,moderate,,True,CLARIFY,UNSUPPORTED_DATA,4,0,unanswerable,C05,True,0.1,0.0,0.0,0.0,0.0,0.0,0.3,0.0,0.0,,False
CLARIFY,out_of_scope,out_of_scope,0.043,Full,moderate,,True,CLARIFY,UNSUPPORTED_DATA,5,0,unanswerable,C06,True,0.1,0.0,0.0,0.0,0.0,0.0,0.3,0.0,0.0,,False
ANSWER,answerable,diagnostic,0.852,Full,challenging,,True,ANSWER,NONE,4,4,gold_sql,D01,False,1.0,1.0,1.0,1.0,0.4,1.0,0.3,1.0,1.0,"WITH base AS (SELECT products.category AS category, SUM(revenue) AS v FROM orders JOIN products ON products.product_id = orders.product_id WHERE order_date >= '2026-06-01' AND order_date < '2026-07-01' GROUP BY products.category), targ AS (SELECT products.category AS category, SUM(revenue) AS v FROM orders JOIN products ON products.product_id = orders.product_id WHERE order_date >= '2026-07-01' AND order_date < '2026-08-01' GROUP BY products.category), merged AS (SELECT base.category AS category, base.v AS base_value, COALESCE(targ.v, 0) AS target_value FROM base LEFT JOIN targ ON base.category = targ.category UNION ALL SELECT targ.category AS category, 0 AS base_value, targ.v AS target_value FROM targ LEFT JOIN base ON base.category = targ.category WHERE base.category IS NULL) SELECT category, base_value, target_value, (target_value - base_value) AS delta FROM merged ORDER BY delta DESC",True
ANSWER,answerable,diagnostic,0.986,Full,challenging,,True,ANSWER,NONE,3,2,gold_sql,D02,False,1.0,1.0,0.8,1.0,1.0,1.0,1.0,1.0,1.0,"SELECT '2026-07' AS period, SUM(revenue) AS total_revenue FROM orders WHERE order_date >= '2026-07-01' AND order_date < '2026-08-01' UNION ALL SELECT '2026-06' AS period, SUM(revenue) AS total_revenue FROM orders WHERE order_date >= '2026-06-01' AND order_date < '2026-07-01' ORDER BY period",True
ANSWER,answerable,aggregation,0.979,B1,simple,,True,ANSWER,NONE,3,1,gold_sql,A01,True,1.0,1.0,0.7,1.0,1.0,1.0,1.0,1.0,1.0,SELECT SUM(revenue) AS total_revenue FROM orders,True
ANSWER,answerable,counting,0.979,B1,simple,,True,ANSWER,NONE,3,1,gold_sql,A02,True,1.0,1.0,0.7,1.0,1.0,1.0,1.0,1.0,1.0,SELECT COUNT(*) AS order_count FROM orders,True
ANSWER,answerable,aggregation,0.979,B1,simple,,True,ANSWER,NONE,3,1,gold_sql,A03,True,1.0,1.0,0.7,1.0,1.0,1.0,1.0,1.0,1.0,SELECT SUM(quantity) AS units_sold FROM orders,True
ANSWER,answerable,aggregation,0.979,B1,simple,,True,ANSWER,NONE,3,1,gold_sql,A04,True,1.0,1.0,0.7,1.0,1.0,1.0,1.0,1.0,1.0,SELECT SUM(revenue)*1.0/COUNT(*) AS avg_order_value FROM orders,True
ANSWER,answerable,aggregation,0.979,B1,simple,,True,ANSWER,NONE,3,1,gold_sql,A05,True,1.0,1.0,0.7,1.0,1.0,1.0,1.0,1.0,1.0,SELECT SUM(revenue-cost)*1.0/SUM(revenue) AS gross_margin FROM orders,True
ANSWER,answerable,aggregation,0.979,B1,simple,,True,ANSWER,NONE,3,1,gold_sql,A06,True,1.0,1.0,0.7,1.0,1.0,1.0,1.0,1.0,1.0,SELECT SUM(discount)*1.0/(SUM(revenue)+SUM(discount)) AS discount_rate FROM orders,True
ANSWER,answerable,breakdown,1.0,B1,moderate,,True,ANSWER,NONE,3,4,gold_sql,A07,True,1.0,1.0,1.0,1.0,1.0,1.0,1.0,1.0,1.0,"SELECT regions.region_name AS region, SUM(revenue) AS total_revenue FROM orders JOIN regions ON regions.region_id = orders.region_id GROUP BY regions.region_name ORDER BY total_revenue DESC",True
ANSWER,answerable,breakdown,1.0,B1,moderate,,True,ANSWER,NONE,4,4,gold_sql,A08,True,1.0,1.0,1.0,1.0,1.0,1.0,1.0,1.0,1.0,"SELECT products.category AS category, SUM(revenue) AS total_revenue FROM orders JOIN products ON products.product_id = orders.product_id GROUP BY products.category ORDER BY total_revenue DESC",True
ANSWER,answerable,breakdown,1.0,B1,moderate,,True,ANSWER,NONE,3,9,gold_sql,A09,True,1.0,1.0,1.0,1.0,1.0,1.0,1.0,1.0,1.0,"SELECT substr(order_date,1,7) AS month, SUM(revenue) AS total_revenue FROM orders GROUP BY substr(order_date,1,7) ORDER BY month",True
ANSWER,answerable,breakdown,1.0,B1,moderate,,True,ANSWER,NONE,4,4,gold_sql,A10,True,1.0,1.0,1.0,1.0,1.0,1.0,1.0,1.0,1.0,"SELECT products.category AS category, SUM(revenue-cost)*1.0/SUM(revenue) AS gross_margin FROM orders JOIN products ON products.product_id = orders.product_id GROUP BY products.category ORDER BY gross_margin DESC",True
ANSWER,answerable,ranking,1.0,B1,moderate,,True,ANSWER,NONE,3,5,gold_sql,A11,True,1.0,1.0,1.0,1.0,1.0,1.0,1.0,1.0,1.0,"SELECT products.product_name AS product, SUM(revenue) AS total_revenue FROM orders JOIN products ON products.product_id = orders.product_id GROUP BY products.product_name ORDER BY total_revenue DESC LIMIT 5",True
ANSWER,answerable,aggregation,0.979,B1,moderate,,True,ANSWER,NONE,3,1,gold_sql,A12,True,1.0,1.0,0.7,1.0,1.0,1.0,1.0,1.0,1.0,SELECT SUM(revenue)*1.0/COUNT(*) AS avg_order_value FROM orders WHERE order_date >= '2026-08-01' AND order_date < '2026-09-01',True
ANSWER,answerable,aggregation,0.979,B1,simple,,True,ANSWER,NONE,3,1,gold_sql,A13,True,1.0,1.0,0.7,1.0,1.0,1.0,1.0,1.0,1.0,SELECT SUM(revenue) AS total_revenue FROM orders WHERE order_date >= '2026-07-01' AND order_date < '2026-08-01',True
ANSWER,answerable,breakdown,0.993,B1,moderate,,True,ANSWER,NONE,3,3,gold_sql,A14,True,1.0,1.0,0.9,1.0,1.0,1.0,1.0,1.0,1.0,"SELECT customers.segment AS segment, SUM(revenue) AS total_revenue FROM orders JOIN customers ON customers.customer_id = orders.customer_id GROUP BY customers.segment ORDER BY total_revenue DESC",True
ANSWER,answerable,breakdown,1.0,B1,moderate,,True,ANSWER,NONE,3,4,gold_sql,A15,True,1.0,1.0,1.0,1.0,1.0,1.0,1.0,1.0,1.0,"SELECT products.category AS category, SUM(quantity) AS units_sold FROM orders JOIN products ON products.product_id = orders.product_id GROUP BY products.category ORDER BY units_sold DESC",True
CLARIFY,ambiguous,ambiguous,0.043,B1,moderate,,True,CLARIFY,AMBIGUITY,5,0,unanswerable,B01,True,0.1,0.0,0.0,0.0,0.0,0.0,0.3,0.0,0.0,,False
CLARIFY,ambiguous,ambiguous,0.043,B1,simple,,True,CLARIFY,AMBIGUITY,5,0,unanswerable,B02,True,0.1,0.0,0.0,0.0,0.0,0.0,0.3,0.0,0.0,,False
CLARIFY,ambiguous,ambiguous,0.043,B1,simple,,True,CLARIFY,AMBIGUITY,6,0,unanswerable,B03,True,0.1,0.0,0.0,0.0,0.0,0.0,0.3,0.0,0.0,,False
CLARIFY,ambiguous,ambiguous,0.043,B1,simple,,True,CLARIFY,AMBIGUITY,5,0,unanswerable,B04,True,0.1,0.0,0.0,0.0,0.0,0.0,0.3,0.0,0.0,,False
CLARIFY,out_of_scope,out_of_scope,0.043,B1,simple,,True,CLARIFY,UNSUPPORTED_DATA,4,0,unanswerable,C01,True,0.1,0.0,0.0,0.0,0.0,0.0,0.3,0.0,0.0,,False
CLARIFY,out_of_scope,out_of_scope,0.043,B1,simple,,True,CLARIFY,UNSUPPORTED_DATA,4,0,unanswerable,C02,True,0.1,0.0,0.0,0.0,0.0,0.0,0.3,0.0,0.0,,False
CLARIFY,out_of_scope,out_of_scope,0.043,B1,moderate,,True,CLARIFY,UNSUPPORTED_DATA,4,0,unanswerable,C03,True,0.1,0.0,0.0,0.0,0.0,0.0,0.3,0.0,0.0,,False
CLARIFY,out_of_scope,out_of_scope,0.043,B1,moderate,,True,CLARIFY,UNSUPPORTED_DATA,46,0,unanswerable,C04,True,0.1,0.0,0.0,0.0,0.0,0.0,0.3,0.0,0.0,,False
CLARIFY,out_of_scope,out_of_scope,0.043,B1,moderate,,True,CLARIFY,UNSUPPORTED_DATA,6,0,unanswerable,C05,True,0.1,0.0,0.0,0.0,0.0,0.0,0.3,0.0,0.0,,False
CLARIFY,out_of_scope,out_of_scope,0.043,B1,moderate,,True,CLARIFY,UNSUPPORTED_DATA,6,0,unanswerable,C06,True,0.1,0.0,0.0,0.0,0.0,0.0,0.3,0.0,0.0,,False
ANSWER,answerable,diagnostic,0.852,B1,challenging,,True,ANSWER,NONE,5,4,gold_sql,D01,False,1.0,1.0,1.0,1.0,0.4,1.0,0.3,1.0,1.0,"WITH base AS (SELECT products.category AS category, SUM(revenue) AS v FROM orders JOIN products ON products.product_id = orders.product_id WHERE order_date >= '2026-06-01' AND order_date < '2026-07-01' GROUP BY products.category), targ AS (SELECT products.category AS category, SUM(revenue) AS v FROM orders JOIN products ON products.product_id = orders.product_id WHERE order_date >= '2026-07-01' AND order_date < '2026-08-01' GROUP BY products.category), merged AS (SELECT base.category AS category, base.v AS base_value, COALESCE(targ.v, 0) AS target_value FROM base LEFT JOIN targ ON base.category = targ.category UNION ALL SELECT targ.category AS category, 0 AS base_value, targ.v AS target_value FROM targ LEFT JOIN base ON base.category = targ.category WHERE base.category IS NULL) SELECT category, base_value, target_value, (target_value - base_value) AS delta FROM merged ORDER BY delta DESC",True
ANSWER,answerable,diagnostic,0.986,B1,challenging,,True,ANSWER,NONE,4,2,gold_sql,D02,False,1.0,1.0,0.8,1.0,1.0,1.0,1.0,1.0,1.0,"SELECT '2026-07' AS period, SUM(revenue) AS total_revenue FROM orders WHERE order_date >= '2026-07-01' AND order_date < '2026-08-01' UNION ALL SELECT '2026-06' AS period, SUM(revenue) AS total_revenue FROM orders WHERE order_date >= '2026-06-01' AND order_date < '2026-07-01' ORDER BY period",True
ANSWER,answerable,aggregation,0.979,A1,simple,,True,ANSWER,NONE,4,1,gold_sql,A01,True,1.0,1.0,0.7,1.0,1.0,1.0,1.0,1.0,1.0,SELECT SUM(revenue) AS total_revenue FROM orders,True
ANSWER,answerable,counting,0.979,A1,simple,,True,ANSWER,NONE,4,1,gold_sql,A02,True,1.0,1.0,0.7,1.0,1.0,1.0,1.0,1.0,1.0,SELECT COUNT(*) AS order_count FROM orders,True
ANSWER,answerable,aggregation,0.979,A1,simple,,True,ANSWER,NONE,3,1,gold_sql,A03,True,1.0,1.0,0.7,1.0,1.0,1.0,1.0,1.0,1.0,SELECT SUM(quantity) AS units_sold FROM orders,True
ANSWER,answerable,aggregation,0.979,A1,simple,,True,ANSWER,NONE,4,1,gold_sql,A04,True,1.0,1.0,0.7,1.0,1.0,1.0,1.0,1.0,1.0,SELECT SUM(revenue)*1.0/COUNT(*) AS avg_order_value FROM orders,True
ANSWER,answerable,aggregation,0.979,A1,simple,,True,ANSWER,NONE,4,1,gold_sql,A05,True,1.0,1.0,0.7,1.0,1.0,1.0,1.0,1.0,1.0,SELECT SUM(revenue-cost)*1.0/SUM(revenue) AS gross_margin FROM orders,True
ANSWER,answerable,aggregation,0.979,A1,simple,,True,ANSWER,NONE,4,1,gold_sql,A06,True,1.0,1.0,0.7,1.0,1.0,1.0,1.0,1.0,1.0,SELECT SUM(discount)*1.0/(SUM(revenue)+SUM(discount)) AS discount_rate FROM orders,True
ANSWER,answerable,breakdown,1.0,A1,moderate,,True,ANSWER,NONE,4,4,gold_sql,A07,True,1.0,1.0,1.0,1.0,1.0,1.0,1.0,1.0,1.0,"SELECT regions.region_name AS region, SUM(revenue) AS total_revenue FROM orders JOIN regions ON regions.region_id = orders.region_id GROUP BY regions.region_name ORDER BY total_revenue DESC",True
ANSWER,answerable,breakdown,1.0,A1,moderate,,True,ANSWER,NONE,5,4,gold_sql,A08,True,1.0,1.0,1.0,1.0,1.0,1.0,1.0,1.0,1.0,"SELECT products.category AS category, SUM(revenue) AS total_revenue FROM orders JOIN products ON products.product_id = orders.product_id GROUP BY products.category ORDER BY total_revenue DESC",True
ANSWER,answerable,breakdown,1.0,A1,moderate,,True,ANSWER,NONE,10,9,gold_sql,A09,True,1.0,1.0,1.0,1.0,1.0,1.0,1.0,1.0,1.0,"SELECT substr(order_date,1,7) AS month, SUM(revenue) AS total_revenue FROM orders GROUP BY substr(order_date,1,7) ORDER BY month",True
ANSWER,answerable,breakdown,1.0,A1,moderate,,True,ANSWER,NONE,7,4,gold_sql,A10,True,1.0,1.0,1.0,1.0,1.0,1.0,1.0,1.0,1.0,"SELECT products.category AS category, SUM(revenue-cost)*1.0/SUM(revenue) AS gross_margin FROM orders JOIN products ON products.product_id = orders.product_id GROUP BY products.category ORDER BY gross_margin DESC",True
ANSWER,answerable,ranking,1.0,A1,moderate,,True,ANSWER,NONE,5,5,gold_sql,A11,True,1.0,1.0,1.0,1.0,1.0,1.0,1.0,1.0,1.0,"SELECT products.product_name AS product, SUM(revenue) AS total_revenue FROM orders JOIN products ON products.product_id = orders.product_id GROUP BY products.product_name ORDER BY total_revenue DESC LIMIT 5",True
ANSWER,answerable,aggregation,0.979,A1,moderate,,True,ANSWER,NONE,4,1,gold_sql,A12,True,1.0,1.0,0.7,1.0,1.0,1.0,1.0,1.0,1.0,SELECT SUM(revenue)*1.0/COUNT(*) AS avg_order_value FROM orders WHERE order_date >= '2026-08-01' AND order_date < '2026-09-01',True
ANSWER,answerable,aggregation,0.979,A1,simple,,True,ANSWER,NONE,4,1,gold_sql,A13,True,1.0,1.0,0.7,1.0,1.0,1.0,1.0,1.0,1.0,SELECT SUM(revenue) AS total_revenue FROM orders WHERE order_date >= '2026-07-01' AND order_date < '2026-08-01',True
ANSWER,answerable,breakdown,0.993,A1,moderate,,True,ANSWER,NONE,5,3,gold_sql,A14,True,1.0,1.0,0.9,1.0,1.0,1.0,1.0,1.0,1.0,"SELECT customers.segment AS segment, SUM(revenue) AS total_revenue FROM orders JOIN customers ON customers.customer_id = orders.customer_id GROUP BY customers.segment ORDER BY total_revenue DESC",True
ANSWER,answerable,breakdown,1.0,A1,moderate,,True,ANSWER,NONE,5,4,gold_sql,A15,True,1.0,1.0,1.0,1.0,1.0,1.0,1.0,1.0,1.0,"SELECT products.category AS category, SUM(quantity) AS units_sold FROM orders JOIN products ON products.product_id = orders.product_id GROUP BY products.category ORDER BY units_sold DESC",True
CLARIFY,ambiguous,ambiguous,0.043,A1,moderate,,True,CLARIFY,AMBIGUITY,7,0,unanswerable,B01,True,0.1,0.0,0.0,0.0,0.0,0.0,0.3,0.0,0.0,,False
CLARIFY,ambiguous,ambiguous,0.043,A1,simple,,True,CLARIFY,AMBIGUITY,6,0,unanswerable,B02,True,0.1,0.0,0.0,0.0,0.0,0.0,0.3,0.0,0.0,,False
CLARIFY,ambiguous,ambiguous,0.043,A1,simple,,True,CLARIFY,AMBIGUITY,6,0,unanswerable,B03,True,0.1,0.0,0.0,0.0,0.0,0.0,0.3,0.0,0.0,,False
CLARIFY,ambiguous,ambiguous,0.043,A1,simple,,True,CLARIFY,AMBIGUITY,6,0,unanswerable,B04,True,0.1,0.0,0.0,0.0,0.0,0.0,0.3,0.0,0.0,,False
CLARIFY,out_of_scope,out_of_scope,0.043,A1,simple,,True,CLARIFY,UNSUPPORTED_DATA,6,0,unanswerable,C01,True,0.1,0.0,0.0,0.0,0.0,0.0,0.3,0.0,0.0,,False
CLARIFY,out_of_scope,out_of_scope,0.043,A1,simple,,True,CLARIFY,UNSUPPORTED_DATA,7,0,unanswerable,C02,True,0.1,0.0,0.0,0.0,0.0,0.0,0.3,0.0,0.0,,False
CLARIFY,out_of_scope,out_of_scope,0.043,A1,moderate,,True,CLARIFY,UNSUPPORTED_DATA,6,0,unanswerable,C03,True,0.1,0.0,0.0,0.0,0.0,0.0,0.3,0.0,0.0,,False
CLARIFY,out_of_scope,out_of_scope,0.043,A1,moderate,,True,CLARIFY,UNSUPPORTED_DATA,7,0,unanswerable,C04,True,0.1,0.0,0.0,0.0,0.0,0.0,0.3,0.0,0.0,,False
CLARIFY,out_of_scope,out_of_scope,0.043,A1,moderate,,True,CLARIFY,UNSUPPORTED_DATA,5,0,unanswerable,C05,True,0.1,0.0,0.0,0.0,0.0,0.0,0.3,0.0,0.0,,False
CLARIFY,out_of_scope,out_of_scope,0.043,A1,moderate,,True,CLARIFY,UNSUPPORTED_DATA,5,0,unanswerable,C06,True,0.1,0.0,0.0,0.0,0.0,0.0,0.3,0.0,0.0,,False
ANSWER,answerable,diagnostic,0.852,A1,challenging,,True,ANSWER,NONE,4,4,gold_sql,D01,False,1.0,1.0,1.0,1.0,0.4,1.0,0.3,1.0,1.0,"WITH base AS (SELECT products.category AS category, SUM(revenue) AS v FROM orders JOIN products ON products.product_id = orders.product_id WHERE order_date >= '2026-06-01' AND order_date < '2026-07-01' GROUP BY products.category), targ AS (SELECT products.category AS category, SUM(revenue) AS v FROM orders JOIN products ON products.product_id = orders.product_id WHERE order_date >= '2026-07-01' AND order_date < '2026-08-01' GROUP BY products.category), merged AS (SELECT base.category AS category, base.v AS base_value, COALESCE(targ.v, 0) AS target_value FROM base LEFT JOIN targ ON base.category = targ.category UNION ALL SELECT targ.category AS category, 0 AS base_value, targ.v AS target_value FROM targ LEFT JOIN base ON base.category = targ.category WHERE base.category IS NULL) SELECT category, base_value, target_value, (target_value - base_value) AS delta FROM merged ORDER BY delta DESC",True
ANSWER,answerable,diagnostic,0.986,A1,challenging,,True,ANSWER,NONE,3,2,gold_sql,D02,False,1.0,1.0,0.8,1.0,1.0,1.0,1.0,1.0,1.0,"SELECT '2026-07' AS period, SUM(revenue) AS total_revenue FROM orders WHERE order_date >= '2026-07-01' AND order_date < '2026-08-01' UNION ALL SELECT '2026-06' AS period, SUM(revenue) AS total_revenue FROM orders WHERE order_date >= '2026-06-01' AND order_date < '2026-07-01' ORDER BY period",True
ANSWER,answerable,aggregation,0.979,A2,simple,,True,ANSWER,NONE,3,1,gold_sql,A01,True,1.0,1.0,0.7,1.0,1.0,1.0,1.0,1.0,1.0,SELECT SUM(revenue) AS total_revenue FROM orders,True
ANSWER,answerable,counting,0.979,A2,simple,,True,ANSWER,NONE,2,1,gold_sql,A02,True,1.0,1.0,0.7,1.0,1.0,1.0,1.0,1.0,1.0,SELECT COUNT(*) AS order_count FROM orders,True
ANSWER,answerable,aggregation,0.979,A2,simple,,True,ANSWER,NONE,3,1,gold_sql,A03,True,1.0,1.0,0.7,1.0,1.0,1.0,1.0,1.0,1.0,SELECT SUM(quantity) AS units_sold FROM orders,True
ANSWER,answerable,aggregation,0.979,A2,simple,,True,ANSWER,NONE,3,1,gold_sql,A04,True,1.0,1.0,0.7,1.0,1.0,1.0,1.0,1.0,1.0,SELECT SUM(revenue)*1.0/COUNT(*) AS avg_order_value FROM orders,True
ANSWER,answerable,aggregation,0.979,A2,simple,,True,ANSWER,NONE,3,1,gold_sql,A05,True,1.0,1.0,0.7,1.0,1.0,1.0,1.0,1.0,1.0,SELECT SUM(revenue-cost)*1.0/SUM(revenue) AS gross_margin FROM orders,True
ANSWER,answerable,aggregation,0.979,A2,simple,,True,ANSWER,NONE,4,1,gold_sql,A06,True,1.0,1.0,0.7,1.0,1.0,1.0,1.0,1.0,1.0,SELECT SUM(discount)*1.0/(SUM(revenue)+SUM(discount)) AS discount_rate FROM orders,True
ANSWER,answerable,breakdown,1.0,A2,moderate,,True,ANSWER,NONE,3,4,gold_sql,A07,True,1.0,1.0,1.0,1.0,1.0,1.0,1.0,1.0,1.0,"SELECT regions.region_name AS region, SUM(revenue) AS total_revenue FROM orders JOIN regions ON regions.region_id = orders.region_id GROUP BY regions.region_name ORDER BY total_revenue DESC",True
ANSWER,answerable,breakdown,1.0,A2,moderate,,True,ANSWER,NONE,3,4,gold_sql,A08,True,1.0,1.0,1.0,1.0,1.0,1.0,1.0,1.0,1.0,"SELECT products.category AS category, SUM(revenue) AS total_revenue FROM orders JOIN products ON products.product_id = orders.product_id GROUP BY products.category ORDER BY total_revenue DESC",True
ANSWER,answerable,breakdown,1.0,A2,moderate,,True,ANSWER,NONE,3,9,gold_sql,A09,True,1.0,1.0,1.0,1.0,1.0,1.0,1.0,1.0,1.0,"SELECT substr(order_date,1,7) AS month, SUM(revenue) AS total_revenue FROM orders GROUP BY substr(order_date,1,7) ORDER BY month",True
ANSWER,answerable,breakdown,1.0,A2,moderate,,True,ANSWER,NONE,4,4,gold_sql,A10,True,1.0,1.0,1.0,1.0,1.0,1.0,1.0,1.0,1.0,"SELECT products.category AS category, SUM(revenue-cost)*1.0/SUM(revenue) AS gross_margin FROM orders JOIN products ON products.product_id = orders.product_id GROUP BY products.category ORDER BY gross_margin DESC",True
ANSWER,answerable,ranking,1.0,A2,moderate,,True,ANSWER,NONE,7,5,gold_sql,A11,True,1.0,1.0,1.0,1.0,1.0,1.0,1.0,1.0,1.0,"SELECT products.product_name AS product, SUM(revenue) AS total_revenue FROM orders JOIN products ON products.product_id = orders.product_id GROUP BY products.product_name ORDER BY total_revenue DESC LIMIT 5",True
ANSWER,answerable,aggregation,0.979,A2,moderate,,True,ANSWER,NONE,3,1,gold_sql,A12,True,1.0,1.0,0.7,1.0,1.0,1.0,1.0,1.0,1.0,SELECT SUM(revenue)*1.0/COUNT(*) AS avg_order_value FROM orders WHERE order_date >= '2026-08-01' AND order_date < '2026-09-01',True
ANSWER,answerable,aggregation,0.979,A2,simple,,True,ANSWER,NONE,3,1,gold_sql,A13,True,1.0,1.0,0.7,1.0,1.0,1.0,1.0,1.0,1.0,SELECT SUM(revenue) AS total_revenue FROM orders WHERE order_date >= '2026-07-01' AND order_date < '2026-08-01',True
ANSWER,answerable,breakdown,0.993,A2,moderate,,True,ANSWER,NONE,4,3,gold_sql,A14,True,1.0,1.0,0.9,1.0,1.0,1.0,1.0,1.0,1.0,"SELECT customers.segment AS segment, SUM(revenue) AS total_revenue FROM orders JOIN customers ON customers.customer_id = orders.customer_id GROUP BY customers.segment ORDER BY total_revenue DESC",True
ANSWER,answerable,breakdown,1.0,A2,moderate,,True,ANSWER,NONE,4,4,gold_sql,A15,True,1.0,1.0,1.0,1.0,1.0,1.0,1.0,1.0,1.0,"SELECT products.category AS category, SUM(quantity) AS units_sold FROM orders JOIN products ON products.product_id = orders.product_id GROUP BY products.category ORDER BY units_sold DESC",True
CLARIFY,ambiguous,ambiguous,0.043,A2,moderate,,True,CLARIFY,AMBIGUITY,5,0,unanswerable,B01,True,0.1,0.0,0.0,0.0,0.0,0.0,0.3,0.0,0.0,,False
CLARIFY,ambiguous,ambiguous,0.043,A2,simple,,True,CLARIFY,AMBIGUITY,5,0,unanswerable,B02,True,0.1,0.0,0.0,0.0,0.0,0.0,0.3,0.0,0.0,,False
CLARIFY,ambiguous,ambiguous,0.043,A2,simple,,True,CLARIFY,AMBIGUITY,5,0,unanswerable,B03,True,0.1,0.0,0.0,0.0,0.0,0.0,0.3,0.0,0.0,,False
CLARIFY,ambiguous,ambiguous,0.043,A2,simple,,True,CLARIFY,AMBIGUITY,6,0,unanswerable,B04,True,0.1,0.0,0.0,0.0,0.0,0.0,0.3,0.0,0.0,,False
CLARIFY,out_of_scope,out_of_scope,0.043,A2,simple,,True,CLARIFY,UNSUPPORTED_DATA,6,0,unanswerable,C01,True,0.1,0.0,0.0,0.0,0.0,0.0,0.3,0.0,0.0,,False
CLARIFY,out_of_scope,out_of_scope,0.043,A2,simple,,True,CLARIFY,UNSUPPORTED_DATA,4,0,unanswerable,C02,True,0.1,0.0,0.0,0.0,0.0,0.0,0.3,0.0,0.0,,False
CLARIFY,out_of_scope,out_of_scope,0.043,A2,moderate,,True,CLARIFY,UNSUPPORTED_DATA,4,0,unanswerable,C03,True,0.1,0.0,0.0,0.0,0.0,0.0,0.3,0.0,0.0,,False
CLARIFY,out_of_scope,out_of_scope,0.043,A2,moderate,,True,CLARIFY,UNSUPPORTED_DATA,4,0,unanswerable,C04,True,0.1,0.0,0.0,0.0,0.0,0.0,0.3,0.0,0.0,,False
CLARIFY,out_of_scope,out_of_scope,0.043,A2,moderate,,True,CLARIFY,UNSUPPORTED_DATA,4,0,unanswerable,C05,True,0.1,0.0,0.0,0.0,0.0,0.0,0.3,0.0,0.0,,False
CLARIFY,out_of_scope,out_of_scope,0.043,A2,moderate,,True,CLARIFY,UNSUPPORTED_DATA,5,0,unanswerable,C06,True,0.1,0.0,0.0,0.0,0.0,0.0,0.3,0.0,0.0,,False
ANSWER,answerable,diagnostic,0.852,A2,challenging,,True,ANSWER,NONE,3,4,gold_sql,D01,False,1.0,1.0,1.0,1.0,0.4,1.0,0.3,1.0,1.0,"WITH base AS (SELECT products.category AS category, SUM(revenue) AS v FROM orders JOIN products ON products.product_id = orders.product_id WHERE order_date >= '2026-06-01' AND order_date < '2026-07-01' GROUP BY products.category), targ AS (SELECT products.category AS category, SUM(revenue) AS v FROM orders JOIN products ON products.product_id = orders.product_id WHERE order_date >= '2026-07-01' AND order_date < '2026-08-01' GROUP BY products.category), merged AS (SELECT base.category AS category, base.v AS base_value, COALESCE(targ.v, 0) AS target_value FROM base LEFT JOIN targ ON base.category = targ.category UNION ALL SELECT targ.category AS category, 0 AS base_value, targ.v AS target_value FROM targ LEFT JOIN base ON base.category = targ.category WHERE base.category IS NULL) SELECT category, base_value, target_value, (target_value - base_value) AS delta FROM merged ORDER BY delta DESC",True
ANSWER,answerable,diagnostic,0.986,A2,challenging,,True,ANSWER,NONE,3,2,gold_sql,D02,False,1.0,1.0,0.8,1.0,1.0,1.0,1.0,1.0,1.0,"SELECT '2026-07' AS period, SUM(revenue) AS total_revenue FROM orders WHERE order_date >= '2026-07-01' AND order_date < '2026-08-01' UNION ALL SELECT '2026-06' AS period, SUM(revenue) AS total_revenue FROM orders WHERE order_date >= '2026-06-01' AND order_date < '2026-07-01' ORDER BY period",True
ANSWER,answerable,aggregation,0.979,A3,simple,,True,ANSWER,NONE,3,1,gold_sql,A01,True,1.0,1.0,0.7,1.0,1.0,1.0,1.0,1.0,1.0,SELECT SUM(revenue) AS total_revenue FROM orders,True
ANSWER,answerable,counting,0.979,A3,simple,,True,ANSWER,NONE,2,1,gold_sql,A02,True,1.0,1.0,0.7,1.0,1.0,1.0,1.0,1.0,1.0,SELECT COUNT(*) AS order_count FROM orders,True
ANSWER,answerable,aggregation,0.979,A3,simple,,True,ANSWER,NONE,2,1,gold_sql,A03,True,1.0,1.0,0.7,1.0,1.0,1.0,1.0,1.0,1.0,SELECT SUM(quantity) AS units_sold FROM orders,True
ANSWER,answerable,aggregation,0.979,A3,simple,,True,ANSWER,NONE,3,1,gold_sql,A04,True,1.0,1.0,0.7,1.0,1.0,1.0,1.0,1.0,1.0,SELECT SUM(revenue)*1.0/COUNT(*) AS avg_order_value FROM orders,True
ANSWER,answerable,aggregation,0.979,A3,simple,,True,ANSWER,NONE,4,1,gold_sql,A05,True,1.0,1.0,0.7,1.0,1.0,1.0,1.0,1.0,1.0,SELECT SUM(revenue-cost)*1.0/SUM(revenue) AS gross_margin FROM orders,True
ANSWER,answerable,aggregation,0.979,A3,simple,,True,ANSWER,NONE,4,1,gold_sql,A06,True,1.0,1.0,0.7,1.0,1.0,1.0,1.0,1.0,1.0,SELECT SUM(discount)*1.0/(SUM(revenue)+SUM(discount)) AS discount_rate FROM orders,True
ANSWER,answerable,breakdown,1.0,A3,moderate,,True,ANSWER,NONE,5,4,gold_sql,A07,True,1.0,1.0,1.0,1.0,1.0,1.0,1.0,1.0,1.0,"SELECT regions.region_name AS region, SUM(revenue) AS total_revenue FROM orders JOIN regions ON regions.region_id = orders.region_id GROUP BY regions.region_name ORDER BY total_revenue DESC",True
ANSWER,answerable,breakdown,1.0,A3,moderate,,True,ANSWER,NONE,4,4,gold_sql,A08,True,1.0,1.0,1.0,1.0,1.0,1.0,1.0,1.0,1.0,"SELECT products.category AS category, SUM(revenue) AS total_revenue FROM orders JOIN products ON products.product_id = orders.product_id GROUP BY products.category ORDER BY total_revenue DESC",True
ANSWER,answerable,breakdown,1.0,A3,moderate,,True,ANSWER,NONE,5,9,gold_sql,A09,True,1.0,1.0,1.0,1.0,1.0,1.0,1.0,1.0,1.0,"SELECT substr(order_date,1,7) AS month, SUM(revenue) AS total_revenue FROM orders GROUP BY substr(order_date,1,7) ORDER BY month",True
ANSWER,answerable,breakdown,1.0,A3,moderate,,True,ANSWER,NONE,6,4,gold_sql,A10,True,1.0,1.0,1.0,1.0,1.0,1.0,1.0,1.0,1.0,"SELECT products.category AS category, SUM(revenue-cost)*1.0/SUM(revenue) AS gross_margin FROM orders JOIN products ON products.product_id = orders.product_id GROUP BY products.category ORDER BY gross_margin DESC",True
ANSWER,answerable,ranking,1.0,A3,moderate,,True,ANSWER,NONE,5,5,gold_sql,A11,True,1.0,1.0,1.0,1.0,1.0,1.0,1.0,1.0,1.0,"SELECT products.product_name AS product, SUM(revenue) AS total_revenue FROM orders JOIN products ON products.product_id = orders.product_id GROUP BY products.product_name ORDER BY total_revenue DESC LIMIT 5",True
ANSWER,answerable,aggregation,0.979,A3,moderate,,True,ANSWER,NONE,4,1,gold_sql,A12,True,1.0,1.0,0.7,1.0,1.0,1.0,1.0,1.0,1.0,SELECT SUM(revenue)*1.0/COUNT(*) AS avg_order_value FROM orders WHERE order_date >= '2026-08-01' AND order_date < '2026-09-01',True
ANSWER,answerable,aggregation,0.979,A3,simple,,True,ANSWER,NONE,4,1,gold_sql,A13,True,1.0,1.0,0.7,1.0,1.0,1.0,1.0,1.0,1.0,SELECT SUM(revenue) AS total_revenue FROM orders WHERE order_date >= '2026-07-01' AND order_date < '2026-08-01',True
ANSWER,answerable,breakdown,0.993,A3,moderate,,True,ANSWER,NONE,3,3,gold_sql,A14,True,1.0,1.0,0.9,1.0,1.0,1.0,1.0,1.0,1.0,"SELECT customers.segment AS segment, SUM(revenue) AS total_revenue FROM orders JOIN customers ON customers.customer_id = orders.customer_id GROUP BY customers.segment ORDER BY total_revenue DESC",True
ANSWER,answerable,breakdown,1.0,A3,moderate,,True,ANSWER,NONE,3,4,gold_sql,A15,True,1.0,1.0,1.0,1.0,1.0,1.0,1.0,1.0,1.0,"SELECT products.category AS category, SUM(quantity) AS units_sold FROM orders JOIN products ON products.product_id = orders.product_id GROUP BY products.category ORDER BY units_sold DESC",True
CLARIFY,ambiguous,ambiguous,0.043,A3,moderate,,True,CLARIFY,AMBIGUITY,6,0,unanswerable,B01,True,0.1,0.0,0.0,0.0,0.0,0.0,0.3,0.0,0.0,,False
CLARIFY,ambiguous,ambiguous,0.043,A3,simple,,True,CLARIFY,AMBIGUITY,7,0,unanswerable,B02,True,0.1,0.0,0.0,0.0,0.0,0.0,0.3,0.0,0.0,,False
CLARIFY,ambiguous,ambiguous,0.043,A3,simple,,True,CLARIFY,AMBIGUITY,7,0,unanswerable,B03,True,0.1,0.0,0.0,0.0,0.0,0.0,0.3,0.0,0.0,,False
CLARIFY,ambiguous,ambiguous,0.043,A3,simple,,True,CLARIFY,AMBIGUITY,5,0,unanswerable,B04,True,0.1,0.0,0.0,0.0,0.0,0.0,0.3,0.0,0.0,,False
CLARIFY,out_of_scope,out_of_scope,0.043,A3,simple,,True,CLARIFY,UNSUPPORTED_DATA,5,0,unanswerable,C01,True,0.1,0.0,0.0,0.0,0.0,0.0,0.3,0.0,0.0,,False
CLARIFY,out_of_scope,out_of_scope,0.043,A3,simple,,True,CLARIFY,UNSUPPORTED_DATA,6,0,unanswerable,C02,True,0.1,0.0,0.0,0.0,0.0,0.0,0.3,0.0,0.0,,False
CLARIFY,out_of_scope,out_of_scope,0.043,A3,moderate,,True,CLARIFY,UNSUPPORTED_DATA,7,0,unanswerable,C03,True,0.1,0.0,0.0,0.0,0.0,0.0,0.3,0.0,0.0,,False
CLARIFY,out_of_scope,out_of_scope,0.043,A3,moderate,,True,CLARIFY,UNSUPPORTED_DATA,6,0,unanswerable,C04,True,0.1,0.0,0.0,0.0,0.0,0.0,0.3,0.0,0.0,,False
CLARIFY,out_of_scope,out_of_scope,0.043,A3,moderate,,True,CLARIFY,UNSUPPORTED_DATA,6,0,unanswerable,C05,True,0.1,0.0,0.0,0.0,0.0,0.0,0.3,0.0,0.0,,False
CLARIFY,out_of_scope,out_of_scope,0.043,A3,moderate,,True,CLARIFY,UNSUPPORTED_DATA,5,0,unanswerable,C06,True,0.1,0.0,0.0,0.0,0.0,0.0,0.3,0.0,0.0,,False
ANSWER,answerable,diagnostic,0.852,A3,challenging,,True,ANSWER,NONE,3,4,gold_sql,D01,False,1.0,1.0,1.0,1.0,0.4,1.0,0.3,1.0,1.0,"WITH base AS (SELECT products.category AS category, SUM(revenue) AS v FROM orders JOIN products ON products.product_id = orders.product_id WHERE order_date >= '2026-06-01' AND order_date < '2026-07-01' GROUP BY products.category), targ AS (SELECT products.category AS category, SUM(revenue) AS v FROM orders JOIN products ON products.product_id = orders.product_id WHERE order_date >= '2026-07-01' AND order_date < '2026-08-01' GROUP BY products.category), merged AS (SELECT base.category AS category, base.v AS base_value, COALESCE(targ.v, 0) AS target_value FROM base LEFT JOIN targ ON base.category = targ.category UNION ALL SELECT targ.category AS category, 0 AS base_value, targ.v AS target_value FROM targ LEFT JOIN base ON base.category = targ.category WHERE base.category IS NULL) SELECT category, base_value, target_value, (target_value - base_value) AS delta FROM merged ORDER BY delta DESC",True
ANSWER,answerable,diagnostic,0.986,A3,challenging,,True,ANSWER,NONE,3,2,gold_sql,D02,False,1.0,1.0,0.8,1.0,1.0,1.0,1.0,1.0,1.0,"SELECT '2026-07' AS period, SUM(revenue) AS total_revenue FROM orders WHERE order_date >= '2026-07-01' AND order_date < '2026-08-01' UNION ALL SELECT '2026-06' AS period, SUM(revenue) AS total_revenue FROM orders WHERE order_date >= '2026-06-01' AND order_date < '2026-07-01' ORDER BY period",True
